UserType,DemoInfo,Distribution
0,1,0.8355935739620279
0,2,0.001008415049725294
0,3,0.00020863759649488838
0,4,0.00031295639474233255
1,1,0.1337019264204743
1,2,0.00031295639474233255
1,3,0.0001738646637457403
1,4,6.954586549829613e-05
2,1,0.019507615272272065
2,2,3.4772932749148066e-05
2,3,3.4772932749148066e-05
3,1,0.009006189582029348
3,2,3.4772932749148066e-05
