UserType,DemoInfo,Distribution
0,1,0.6281382571806106
0,2,0.204325752833994
0,3,0.00465957298838584
1,1,0.10873496070658599
1,2,0.02475832811739342
1,3,0.0007650045204812574
2,1,0.014117810696154113
2,2,0.005215939912372209
2,3,0.00024341052924403643
3,1,0.006398219625843244
3,2,0.0025731970234369565
3,3,6.954586549829613e-05
