UserType,DemoInfo,Distribution
0,1,0.730857500521594
0,2,0.23082272758884484
0,3,0.00538980457611795
1,1,0.024654009319145978
1,2,0.005424577508867098
1,3,0.00024341052924403643
2,1,0.00107796091522359
2,2,0.00031295639474233255
2,3,0.00010431879824744419
3,1,0.0007997774532304055
3,2,0.00031295639474233255
