UserType,DemoInfo,Distribution
0,1,0.09061826274427985
0,2,0.23343069754503096
0,3,0.3434174838305863
0,4,0.2996035885666597
1,1,0.00431184366089436
1,2,0.010188469295500383
1,3,0.011579386605466304
1,4,0.004242297795396064
2,1,0.00020863759649488838
2,2,0.0007302315877321093
2,3,0.000521593991237221
2,4,3.4772932749148066e-05
3,1,0.0003477293274914806
3,2,0.00045204812573892484
3,3,0.00027818346199318453
3,4,3.4772932749148066e-05
