UserType,DemoInfo,Distribution
0,1,0.07855205508032548
0,2,0.1981709437373948
0,3,0.27668822588497116
0,4,0.24459280895750748
1,1,0.013665762570415189
1,2,0.03877182001530009
1,3,0.06464288198066626
1,4,0.05174212393073232
2,1,0.0022950135614437724
2,2,0.005702760970860282
2,3,0.010362333959246123
2,4,0.005946171500104319
3,1,0.0009736421169761457
3,2,0.00215592183044718
3,3,0.004103206064399472
3,4,0.001634327839209959
