UserType,DemoInfo,Distribution
0,1,0.9790666944850128
0,2,0.0012865985117184783
0,3,0.0003825022602406287
0,4,0.0003825022602406287
1,1,0.015126225745879407
1,2,6.954586549829613e-05
2,1,0.0019820571667014397
2,2,3.4772932749148066e-05
2,3,3.4772932749148066e-05
3,1,0.001634327839209959
