UserType,DemoInfo,Distribution
0,1,0.7431671187147924
0,2,0.2324570554280548
0,3,0.005494123374365394
1,1,0.011614159538215454
1,2,0.0034077474094165103
1,3,0.0001738646637457403
2,1,0.0013909173099659225
2,2,0.0006606857222338132
3,1,0.0012170526462201821
3,2,0.0003477293274914806
3,3,6.954586549829613e-05
