UserType,DemoInfo,Distribution
0,1,0.05024688782251895
0,2,0.10880450657208429
0,3,0.15063634466930942
0,4,0.1408651505667988
1,1,0.026462201822101676
1,2,0.08209889422073857
1,3,0.12347868419222477
1,4,0.11728910216287641
2,1,0.005911398567355171
2,2,0.018812156617289102
2,3,0.030078586828013076
2,4,0.021837401766464985
3,1,0.012865985117184783
3,2,0.035085889143890395
3,3,0.05160303219973573
3,4,0.023923777731413867
