UserType,DemoInfo,Distribution
0,1,0.08835802211558523
0,2,0.22692815912094025
0,3,0.3317337784268725
0,4,0.29501356144377217
1,1,0.006154809096599208
1,2,0.015543500938869184
1,3,0.021315807775227763
1,4,0.008658460254537868
2,1,0.0005563669239863691
2,2,0.0014952361082133667
2,3,0.0018081925029556994
2,4,0.00013909173099659226
3,1,0.00041727519298977677
3,2,0.0008345503859795535
3,3,0.0009388691842269978
3,4,0.00010431879824744419
