UserType,DemoInfo,Distribution
0,1,0.940121009805967
0,2,0.001182279713471034
0,3,0.00041727519298977677
0,4,0.00031295639474233255
1,1,0.05153348633423743
1,2,0.00010431879824744419
1,4,3.4772932749148066e-05
2,1,0.003894568467904583
2,2,0.00010431879824744419
3,1,0.0022602406286946243
3,4,3.4772932749148066e-05
