UserType,DemoInfo,Distribution
0,1,0.7110717017873287
0,2,0.2255720147437235
0,3,0.00538980457611795
1,1,0.041936156895472566
1,2,0.009493010640517422
1,3,0.00024341052924403643
2,1,0.0026775158216844007
2,2,0.0012518255789693302
2,3,6.954586549829613e-05
3,1,0.0017038737047082551
3,2,0.0005563669239863691
3,3,3.4772932749148066e-05
