UserType,DemoInfo,Distribution
0,1,0.6544265943389665
0,2,0.20488211975798037
0,3,0.004763891786633285
1,1,0.05928785033729745
1,2,0.016343278392099588
1,3,0.0003477293274914806
2,1,0.030600180819250297
2,2,0.011370749008971417
2,3,0.00041727519298977677
3,1,0.013074622713679672
3,2,0.004277070728145212
3,3,0.00020863759649488838
