UserType,DemoInfo,Distribution
0,1,0.9729118853884137
0,2,0.0012865985117184783
0,3,0.00041727519298977677
0,4,0.0003825022602406287
1,1,0.01815147089505529
1,2,0.00010431879824744419
2,1,0.004520481257389249
3,1,0.0022254676959454762
