UserType,DemoInfo,Distribution
0,1,0.09124417553376452
0,2,0.2313790945128312
0,3,0.32849989568120175
0,4,0.2828082620488212
1,1,0.0014952361082133667
1,2,0.005633215105361986
1,3,0.010292788093747826
1,4,0.010466652757493568
2,1,0.0017386466374574032
2,2,0.00538980457611795
2,3,0.011996661798456081
2,4,0.007997774532304054
3,1,0.001008415049725294
3,2,0.002399332359691216
3,3,0.005007302315877321
3,4,0.0026427428889352527
