UserType,DemoInfo,Distribution
0,1,0.941511927115933
0,2,0.001182279713471034
0,3,0.00031295639474233255
0,4,0.00031295639474233255
1,1,0.024514917588149384
1,2,3.4772932749148066e-05
1,4,3.4772932749148066e-05
2,1,0.021593991237220948
2,2,0.00013909173099659226
2,3,6.954586549829613e-05
2,4,3.4772932749148066e-05
3,1,0.010188469295500383
3,2,3.4772932749148066e-05
3,3,3.4772932749148066e-05
