UserType,DemoInfo,Distribution
0,1,0.09030530634953753
0,2,0.23183114263857013
0,3,0.33235969121635717
0,4,0.28882397941442384
1,1,0.0015300090409625148
1,2,0.005459350441616246
1,3,0.009840739968008902
1,4,0.007754364003060018
2,1,0.002364559426942068
2,2,0.005111621114124765
2,3,0.009040962514778497
2,4,0.005320258710619654
3,1,0.0012865985117184783
3,2,0.002399332359691216
3,3,0.004555254190138396
3,4,0.002016830099450588
